[null,{"name":"Reklama","temp":"5","event-type":"3","_id":"MqYnl","actions":[{"channel":"6","varName":"registerr","message":"Lubisz Gry a nie masz z kim pograć?\nWbijaj na Serwer Gromaniacy !\nCo Oferujemy?\n-Ogarniętą Administrację\n-Przyjemną Atmosferę\n-Kanały Muzyczne\n-Kanały z Różnymi Zabawami\n-Różne Rangi\n-Giveaway'e co tydzień\n-Możliwość Kupna Rangi :money_with_wings:PREMIUM:money_with_wings: tylko za 2,50pln (Można ją też wygrać).\nA co najważniejsze dużo graczy!\nPonieważ gry nie gubią a łączą!\n\nWbijaj już dzisiaj! https://discord.gg/fGc4n3R","storage":"0","varName2":"","name":"Send Message"}]},{"name":"Rola","temp":"","event-type":"4","_id":"tqruF","actions":[{"roleName":"Zarejestrowany","hoist":"true","mentionable":"false","color":"","position":"","storage":"0","varName":"","name":"Create Role"}]},{"name":"Bot","temp":"","event-type":"4","_id":"OvjqK","actions":[{"gameName":"Wpisz: Zarejestruj","gameLink":"","name":"Set Bot Game"}]}]